{"cameraMode":{"drawMode":0,"name":"Shaded","section":"Shading Mode"},"sceneLighting":false,"audioPlay":false,"sceneViewState":{"showFog":false,"showMaterialUpdate":false,"showSkybox":false,"showFlares":true,"showImageEffects":true,"showParticleSystems":true},"in2DMode":false,"pivot":{"x":-3.0,"y":2.7300000190734865,"z":-21.600000381469728},"rotation":{"x":0.5457813739776611,"y":-0.02009296789765358,"z":0.013122220523655415,"w":0.8376007676124573},"size":0.2598074972629547,"orthographic":false}