{"cameraMode":{"drawMode":0,"name":"Shaded","section":"Shading Mode"},"sceneLighting":false,"audioPlay":false,"sceneViewState":{"showFog":false,"showMaterialUpdate":false,"showSkybox":false,"showFlares":true,"showImageEffects":true,"showParticleSystems":true},"in2DMode":false,"pivot":{"x":0.5478976368904114,"y":0.8307417035102844,"z":-0.007695913314819336},"rotation":{"x":0.03853748366236687,"y":0.9586836099624634,"z":-0.15814827382564546,"w":0.2333756685256958},"size":1.4278478622436524,"orthographic":false}