{"cameraMode":{"drawMode":0,"name":"Shaded","section":"Shading Mode"},"sceneLighting":false,"audioPlay":false,"sceneViewState":{"showFog":false,"showMaterialUpdate":false,"showSkybox":false,"showFlares":true,"showImageEffects":true,"showParticleSystems":true},"in2DMode":false,"pivot":{"x":0.06495564430952072,"y":1.324590802192688,"z":0.577092170715332},"rotation":{"x":0.2297758162021637,"y":-0.7364997863769531,"z":0.303317129611969,"w":0.5594807863235474},"size":1.3744477033615113,"orthographic":false}