{"cameraMode":{"drawMode":0,"name":"Shaded","section":"Shading Mode"},"sceneLighting":false,"audioPlay":false,"sceneViewState":{"showFog":false,"showMaterialUpdate":false,"showSkybox":false,"showFlares":true,"showImageEffects":true,"showParticleSystems":true},"in2DMode":false,"pivot":{"x":-4.184500694274902,"y":2.190173387527466,"z":-14.643074035644532},"rotation":{"x":-0.02072041667997837,"y":0.9792351126670837,"z":-0.14649969339370728,"w":-0.13870343565940858},"size":2.97882342338562,"orthographic":false}