{"cameraMode":{"drawMode":0,"name":"Shaded","section":"Shading Mode"},"sceneLighting":false,"audioPlay":false,"sceneViewState":{"showFog":false,"showMaterialUpdate":false,"showSkybox":false,"showFlares":true,"showImageEffects":true,"showParticleSystems":true},"in2DMode":false,"pivot":{"x":-1.8068946599960328,"y":3.882719039916992,"z":-2.2200541496276857},"rotation":{"x":-0.5310763716697693,"y":0.009891924448311329,"z":-0.0063969651237130169,"w":-0.8474423885345459},"size":5.963758945465088,"orthographic":false}