{"cameraMode":{"drawMode":0,"name":"Shaded","section":"Shading Mode"},"sceneLighting":false,"audioPlay":false,"sceneViewState":{"showFog":false,"showMaterialUpdate":false,"showSkybox":true,"showFlares":true,"showImageEffects":true,"showParticleSystems":true},"in2DMode":false,"pivot":{"x":-12.006009101867676,"y":7.070171356201172,"z":-12.628972053527832},"rotation":{"x":0.18422189354896546,"y":0.6906100511550903,"z":-0.18888063728809358,"w":0.6734070181846619},"size":1.9814969301223755,"orthographic":false}