{"cameraMode":{"drawMode":0,"name":"Shaded","section":"Shading Mode"},"sceneLighting":false,"audioPlay":false,"sceneViewState":{"showFog":false,"showMaterialUpdate":false,"showSkybox":false,"showFlares":true,"showImageEffects":true,"showParticleSystems":true},"in2DMode":false,"pivot":{"x":-0.5053167343139648,"y":-0.6621322631835938,"z":0.16852807998657227},"rotation":{"x":0.5343095064163208,"y":0.02661643549799919,"z":-0.016837144270539285,"w":0.8447087407112122},"size":5.650730133056641,"orthographic":false}