{"cameraMode":{"drawMode":0,"name":"Shaded","section":"Shading Mode"},"sceneLighting":false,"audioPlay":false,"sceneViewState":{"showFog":false,"showMaterialUpdate":false,"showSkybox":false,"showFlares":true,"showImageEffects":true,"showParticleSystems":true},"in2DMode":false,"pivot":{"x":516.563232421875,"y":117.3341293334961,"z":159.57025146484376},"rotation":{"x":0.07612460106611252,"y":0.016264604404568673,"z":0.0008808583952486515,"w":-0.9971296787261963},"size":317.4620361328125,"orthographic":false}