{"cameraMode":{"drawMode":0,"name":"Shaded","section":"Shading Mode"},"sceneLighting":false,"audioPlay":false,"sceneViewState":{"showFog":false,"showMaterialUpdate":false,"showSkybox":false,"showFlares":true,"showImageEffects":true,"showParticleSystems":true},"in2DMode":false,"pivot":{"x":-3.0,"y":2.7300000190734865,"z":-21.600000381469728},"rotation":{"x":0.4186568260192871,"y":-0.012269319966435433,"z":0.0056322114542126659,"w":0.9080625176429749},"size":0.1732051968574524,"orthographic":false}