{"cameraMode":{"drawMode":0,"name":"Shaded","section":"Shading Mode"},"sceneLighting":false,"audioPlay":false,"sceneViewState":{"showFog":false,"showMaterialUpdate":false,"showSkybox":false,"showFlares":true,"showImageEffects":true,"showParticleSystems":true},"in2DMode":false,"pivot":{"x":0.41629692912101748,"y":0.6725285649299622,"z":-0.8471876382827759},"rotation":{"x":-0.004344067070633173,"y":0.9874807596206665,"z":-0.15531066060066224,"w":-0.02786521427333355},"size":1.4278478622436524,"orthographic":false}