{"cameraMode":{"drawMode":0,"name":"Shaded","section":"Shading Mode"},"sceneLighting":false,"audioPlay":false,"sceneViewState":{"showFog":false,"showMaterialUpdate":false,"showSkybox":false,"showFlares":true,"showImageEffects":true,"showParticleSystems":true},"in2DMode":false,"pivot":{"x":-9.803535461425782,"y":4.778379917144775,"z":-24.66963005065918},"rotation":{"x":-0.20525868237018586,"y":-0.6536166071891785,"z":0.19053611159324647,"w":-0.7033438682556152},"size":3.0643863677978517,"orthographic":false}