{"cameraMode":{"drawMode":0,"name":"Shaded","section":"Shading Mode"},"sceneLighting":false,"audioPlay":false,"sceneViewState":{"showFog":false,"showMaterialUpdate":false,"showSkybox":false,"showFlares":true,"showImageEffects":true,"showParticleSystems":true},"in2DMode":false,"pivot":{"x":503.1647033691406,"y":91.13263702392578,"z":5.55645751953125},"rotation":{"x":-0.048299167305231097,"y":-0.00023517213412560523,"z":-0.0003753784694708884,"w":-0.9989964962005615},"size":276.2498474121094,"orthographic":true}