{"cameraMode":{"drawMode":0,"name":"Shaded","section":"Shading Mode"},"sceneLighting":false,"audioPlay":false,"sceneViewState":{"showFog":false,"showMaterialUpdate":false,"showSkybox":false,"showFlares":true,"showImageEffects":true,"showParticleSystems":true},"in2DMode":false,"pivot":{"x":-0.9830154776573181,"y":2.537712574005127,"z":-2.24826979637146},"rotation":{"x":0.1323482245206833,"y":0.30399104952812197,"z":-0.042650703340768817,"w":0.9424892067909241},"size":2.738896608352661,"orthographic":false}