{"cameraMode":{"drawMode":0,"name":"Shaded","section":"Shading Mode"},"sceneLighting":false,"audioPlay":false,"sceneViewState":{"showFog":false,"showMaterialUpdate":false,"showSkybox":false,"showFlares":true,"showImageEffects":true,"showParticleSystems":true},"in2DMode":false,"pivot":{"x":-3.0,"y":2.7300000190734865,"z":-21.600000381469728},"rotation":{"x":-0.15957966446876527,"y":0.7165717482566834,"z":-0.17466038465499879,"w":-0.6564070582389832},"size":0.1732051968574524,"orthographic":false}