{"cameraMode":{"drawMode":0,"name":"Shaded","section":"Shading Mode"},"sceneLighting":false,"audioPlay":false,"sceneViewState":{"showFog":false,"showMaterialUpdate":false,"showSkybox":false,"showFlares":true,"showImageEffects":true,"showParticleSystems":true},"in2DMode":false,"pivot":{"x":0.08535683155059815,"y":0.7880589962005615,"z":0.051227450370788577},"rotation":{"x":0.04019967094063759,"y":-0.9537806510925293,"z":0.14854297041893006,"w":0.25811851024627688},"size":1.4278478622436524,"orthographic":false}