{"cameraMode":{"drawMode":0,"name":"Shaded","section":"Shading Mode"},"sceneLighting":false,"audioPlay":false,"sceneViewState":{"showFog":false,"showMaterialUpdate":false,"showSkybox":false,"showFlares":true,"showImageEffects":true,"showParticleSystems":true},"in2DMode":false,"pivot":{"x":-0.19144801795482636,"y":0.7948355674743652,"z":-23.130287170410158},"rotation":{"x":-0.15409491956233979,"y":-0.7624085545539856,"z":0.19645972549915315,"w":-0.5972699522972107},"size":3.0643863677978517,"orthographic":false}