{"cameraMode":{"drawMode":0,"name":"Shaded","section":"Shading Mode"},"sceneLighting":false,"audioPlay":false,"sceneViewState":{"showFog":false,"showMaterialUpdate":false,"showSkybox":true,"showFlares":true,"showImageEffects":true,"showParticleSystems":true},"in2DMode":false,"pivot":{"x":-5.722628593444824,"y":17.740161895751954,"z":2.55816650390625},"rotation":{"x":0.38564684987068179,"y":-0.019373305141925813,"z":0.008099819533526898,"w":0.92240971326828},"size":10.0,"orthographic":false}